onestop,1
desk,1
unapproachable,1
shoot,1
fullstack,1
magically,1
bouncing,1
head,1
revamp,1
reputation,1
perception,1
buckle,1
told,1
drove,1
mainstream,1
pivotal,1
bizarre,1
twist,1
befuddled,1
bureaucrat,1
hit,1
featuring,1
crina,1
boros,1
steve,1
doig,1
jaimi,1
dowdell,1
reuters,1
mark,1
horvit,1
missouri,1
brant,1
houston,1
illinois,1
clarence,1
jennifer,1
lafleur,1
quickpaced,1
lightninground,1
geek,1
overlooked,1
underappreciated,1
wit,1
accomplished,1
1972,1
l,1
1000,1
inquirer,1
largest,1
40,1
magazine,1
slew,1
inc,1
vanity,1
fair,1
arizona,1
ran,1
shared,1
medal,1
allowing,1
inspect,1
tidy,1
seamlessly,1
cm,1
clustering,1
equivalent,1
thorough,1
covered,1
replace,1
concatenate,1
cellcross,1
foreach,1
least,1
else,1
questioning,1
subqueries,1
neat,1
unnatural,1
occur,1
longterm,1
incident,1
lengthy,1
frustrating,1
intimidate,1
appeal,1
freedom,1
terrorist,1
jason,1
leopold,1
attorney,1
katie,1
townsend,1
successfully,1
cleaned,1
exceptionally,1
pulled,1
final,1
cdc,1
wonder,1
indispensable,1
suicide,1
premature,1
pedestrian,1
fatality,1
fatal,1
drug,1
overdoses,1
ten,1
certificate,1
registry,1
bonus,1
ageadjusted,1
critical,1
paired,1
analysisready,1
authoritative,1
attends,1
complimentary,1
office,1
wanted,1
disappearing,1
erosion,1
clip,1
librarian,1
borrowed,1
scientific,1
tomorrow,1
saving,1
exciting,1
preserve,1
north,1
belongs,1
unconventional,1
popping,1
obamacare,1
blog,1
dot,1
com,1
lesserknown,1
inurl,1
rush,1
early,1
gathering,1
week,1
delay,1
checklist,1
awarded,1
lucky,1
rare,1
cleared,1
yearlong,1
joint,1
newsy,1
uncovered,1
inflating,1
clearance,1
solved,1
arrest,1
dataheavy,1
describe,1
continuing,1
prosecution,1
mediumsized,1
suitable,1
oneperson,1
scrappy,1
transcript,1
particular,1
riveting,1
trial,1
wonky,1
happened,1
door,1
inside,1
animator,1
courtroom,1
nursing,1
prison,1
recreate,1
animate,1
faced,1
explainer,1
la,1
vox,1
stockpiling,1
mine,1
among,1
arsenal,1
annual,1
metadata,1
attached,1
lone,1
datacruncher,1
bigtime,1
dangerous,1
assumption,1
incorporate,1
machinereadable,1
unstandardized,1
memo,1
awash,1
bullshit,1
junk,1
biased,1
predatory,1
jevin,1
professor,1
cocreated,1
calling,1
trickery,1
touch,1
probability,1
fallacy,1
pvalues,1
superhighway,1
1990s,1
expect,1
classic,1
dated,1
lame,1
joke,1
history,1
vital,1
employer,1
fundamentally,1
football,1
financed,1
played,1
ncaa,1
athletic,1
wellresourced,1
depend,1
specific,1
revealed,1
enlightening,1
region,1
mother,1
aj,1
vicens,1
frequently,1
implant,1
1500,1
250,1
36,1
icij,1
facilitates,1
75000,1
recall,1
alert,1
notice,1
manufacturer,1
explores,1
capturing,1
criminal,1
justice,1
thin,1
secrecy,1
responsibly,1
rundown,1
asylumseekers,1
detained,1
child,1
le,1
policy,1
differential,1
release,1
vast,1
responsibility,1
informed,1
counted,1
underscore,1
importance,1
economic,1
fund,1
based,1
vulnerable,1
population,1
addressed,1
currently,1
inclusion,1
equity,1
representative,1
decisionmaking,1
transparent,1
marginalized,1
download,1
captured,1
readyforpublication,1
entirely,1
click,1
earth,1
imagery,1
refresher,1
forced,1
wrote,1
song,1
attempt,1
silly,1
performance,1
struggled,1
benefit,1
harness,1
csvkit,1
wrangle,1
toolbox,1
warfare,1
newest,1
cyber,1
secretive,1
tracking,1
owns,1
disentangling,1
log,1
ip,1
malware,1
penetrate,1
networksand,1
clue,1
attack,1
bridge,1
mixing,1
shortcut,1
dev,1
extend,1
presenter,1
exchange,1
contribute,1
curriculum,1
portfolio,1
educator,1
upload,1
syllabus,1
grew,1
kiln,1
awardwinning,1
helped,1
flourishstudio,1
original,1
9hour,1
pivottables,1
solid,1
sunday,1
hold,1
treasure,1
trove,1
iteration,1
civil,1
crdc,1
discipline,1
96000,1
tuition,1
7000,1
kristen,1
kozinski,1
neena,1
kapur,1
suggestion,1
internship,1
impolite,1
bos,1
managereditor,1
informal,1
encouraging,1
submit,1
anonymously,1
bitly2tl6gy8,1
spy,1
plane,1
tag,1
unreported,1
overfishing,1
enter,1
median,1
excels,1
math,1
totally,1
worth,1
ratio,1
beef,1
rather,1
lurk,1
everywhere,1
pdfs,1
telltale,1
illness,1
companion,1
realized,1
stepping,1
stone,1
overlook,1
economics,1
13,1
readytouse,1
friendliest,1
imported,1
poorly,1
reformat,1
stronger,1
tidyr,1
readr,1
tibble,1
purr,1
club,1
slack,1
mostused,1
translated,1
commented,1
plug,1
ease,1
settle,1
mystery,1
blend,1
voice,1
hardtoreach,1
filled,1
older,1
immigrant,1
minority,1
fearful,1
repercussion,1
speaking,1
linking,1
quite,1
dataled,1
typically,1
max,1
harlow,1
match,1
touching,1
unseen,1
poverty,1
guided,1
hurricane,1
flood,1
wildfire,1
extreme,1
temperature,1
swing,1
causing,1
historic,1
damage,1
catastrophic,1
event,1
researcher,1
stanford,1
examined,1
50,1
policing,1
flying,1
nationally,1
passive,1
unknown,1
mozilla,1
dr,1
paul,1
vixie,1
inducted,1
hall,1
fame,1
2014,1
brief,1
primer,1
wellknown,1
affiliated,1
logins,1
slightly,1
shaped,1
publishable,1
depending,1
appetite,1
dana,1
amihere,1
armand,1
emamdjomeh,1
escape,1
rigid,1
contentmanagement,1
sixhour,1
nodejs,1
los,1
angeles,1
crafted,1
deployed,1
scared,1
sahil,1
chinoy,1
iris,1
lee,1
aaron,1
williams,1
rapidly,1
sketch,1
refine,1
appeared,1
groundbreaking,1
ambitious,1
suspicious,1
hipster,1
winning,1
gordon,1
cheryl,1
phillips,1
6hour,1
remix,1
republish,1
increase,1
speed,1
veracity,1
tried,1
juggle,1
worse,1
pitch,1
paid,1
household,1
freelance,1
prospective,1
desktoptableau,1
finally,1
analytics,1
databasedriven,1
reactdriven,1
django,1
infrastructure,1
huge,1
performant,1
wildest,1
dream,1
problematic,1
bulk,1
geocoding,1
pleasure,1
happily,1
correctly,1
geocodio,1
githubs,1
repository,1
commits,1
branch,1
study,1
githubcom,1
collaborate,1
nerdy,1
exceltype,1
scraper,1
automatically,1
clunky,1
unhelpful,1
pios,1
organised,1
incredibly,1
impossible,1
showing,1
panama,1
glance,1
newly,1
neo4js,1
advisable,1
completed,1
however,1
strictly,1
combined,1
applying,1
healthcare,1
minefield,1
unleash,1
lie,1
nonexistent,1
faulty,1
medicaid,1
contractor,1
systematically,1
deny,1
treatment,1
profit,1
postman,1
interrogate,1
constructing,1
magic,1
url,1
chicago,1
blast,1
sector,1
myriad,1
exert,1
society,1
concrete,1
pursuing,1
processed,1
replicable,1
smart,1
intervention,1
ie,1
logging,1
automated,1
adapt,1
decimated,1
manmade,1
affordable,1
unearth,1
zillow,1
integrating,1
hitchhiker,1
frontier,1
computing,1
introduces,1
demystifying,1
fiction,1
killer,1
robot,1
facial,1
reinforce,1
cant,1
claim,1
trigger,1
skepticism,1
unanswered,1
blockchain,1
wallet,1
suggest,1
obvious,1
hood,1
differs,1
target,1
newsworthy,1
optional,1
branching,1
forking,1
cloning,1
solve,1
documenting,1
electionland,1
central,1
launch,1
databasefocused,1
recruiting,1
soontobeavailable,1
allow,1
smaller,1
supreme,1
citizen,1
united,1
opaque,1
generally,1
disclose,1
obscure,1
funders,1
opensecretsorg,1
maplightorg,1
1200,1
detailing,1
contribution,1
400,1
leading,1
bitlydarkmoneydata,1
fec,1
itemizer,1
ramp,1
sleuth,1
scouring,1
internal,1
revenue,1
labor,1
corporate,1
staple,1
tv,1
historically,1
shied,1
consuming,1
entertaining,1
daunting,1
kingtv,1
teamed,1
visuallycompelling,1
takeaway,1
swap,1
embrace,1
remove,1
achieving,1
mindset,1
seasoned,1
easytofind,1
easytonavigate,1
quickturn,1
watchdog,1
soon,1
relegated,1
enterprise,1
scope,1
outset,1
contains,1
priority,1
meaningfully,1
categorize,1
yearround,1
backgrounding,1
operating,1
contrast,1
scale,1
radio,1
watching,1
newspaper,1
advantage,1
consideration,1
driving,1
outofthebox,1
trouble,1
overcome,1
selftaught,1
losing,1
tension,1
care,1
explored,1
engage,1
suppose,1
leak,1
received,1
dkim,1
header,1
interpret,1
verification,1
hiccup,1
distribute,1
extensive,1
nuance,1
governmental,1
fetching,1
introducing,1
htmlcss,1
perceive,1
clearly,1
partial,1
conclude,1
represent,1
believe,1
draw,1
elicit,1
flip,1
wish,1
binder,1
exercise,1
cheat,1
easily,1
reasonable,1
comfort,1
215545,1
comprehensive,1
typo,1
enrich,1
party,1
wikidata,1
reconciliation,1
lab,1
separately,1
charles,1
minshew,1
irenicar,1
hannah,1
fresques,1
sandhya,1
kambhampati,1
maryjo,1
webster,1
minneapolis,1
star,1
tribune,1
fuss,1
podcast,1
wouldnt,1
listener,1
documentcloud,1
slidetrack,1
annotate,1
photo,1
hundred,1
transparency,1
indexed,1
grant,1
employee,1
527s,1
personnel,1
probably,1
sue,1
demoing,1
added,1
model,1
protocol,1
regarding,1
storage,1
browsing,1
accordingly,1
addressing,1
lowhanging,1
fruit,1
mitigating,1
sophisticated,1
visidata,1
relatively,1
keyboarddriven,1
visidatas,1
contain,1
digitized,1
990,1
root,1
object,1
confusing,1
master,1
nice,1
topojson,1
connecting,1
switching,1
exposed,1
networking,1
parental,1
childcare,1
workfamily,1
balance,1
failed,1
lost,1
sight,1
cardinal,1
suck,1
notch,1
nittygritty,1
extra,1
glad,1
american,1
factfinder,1
goto,1
bureau,1
datacensusgov,1
tour,1
discovered,1
surprising,1
affect,1
45,1
5minute,1
lineup,1
youyou,1
zhou,1
racist,1
alex,1
garcia,1
massive,1
disha,1
raychaudhuri,1
4,1
matt,1
kiefer,1
911,1
emergency,1
insider,1
enforcement,1
asset,1
stacy,1
montemayor,1
independence,1
sean,1
mcminn,1
worst,1
overcoming,1
impostor,1
syndrome,1
kate,1
martin,1
serious,1
postproject,1
christopher,1
baxter,1
blindspotting,1
emmanuel,1
martinez,1
caitlin,1
ostroff,1
asked,1
phenomenon,1
patient,1
potentially,1
tracked,1
identified,1
illegal,1
investigated,1
muckraking,1
corporation,1
introductory,1
scatter,1
labeling,1
legend,1
cosmetic,1
changing,1
linedot,1
window,1
sound,1
surprised,1
thanks,1
simpletouse,1
smooth,1
route,1
taste,1
diving,1
in,1
out,1
skeptical,1
verifying,1
intensive,1
sourcesoftware,1
display,1
geographically,1
beautiful,1
sf,1
leaflet,1
utilize,1
angelica,1
mckinley,1
lena,1
groeger,1
usability,1
alignment,1
responsiveness,1
thumb,1
typography,1
accessibility,1
inclusiveness,1
ambiguity,1
poor,1
unity,1
clarity,1
theyve,1
led,1
convinced,1
higherups,1
instructor,1
excelled,1
handling,1
carving,1
guidance,1
effectively,1
ken,1
armstrong,1
conducting,1
capitalizing,1
tough,1
silence,1
sincerity,1
briefly,1
mysterious,1
emotion,1
mind,1
heart,1
surrounding,1
pure,1
hooey,1
outstanding,1
interviewer,1
writer,1
depth,1
halfday,1
supervising,1
atlanta,1
journal,1
constitution,1
deputy,1
shawn,1
mcintosh,1
kimbriell,1
kelly,1
diary,1
factchecking,1
untangling,1
avoiding,1
turnoff,1
plenty,1
requires,1
broadcast,1
challenging,1
cut,1
buyin,1
redflags,1
marketingpromotions,1
accuracy,1
measuring,1
success,1
please,1
gathered,1
talked,1
christian,1
miller,1
sexual,1
assault,1
recognized,1
2016,1
pack,1
punch,1
framing,1
communicating,1
deciding,1
selfediting,1
curtain,1
menial,1
macro,1
send,1
translate,1
tablet,1
maggie,1
mulvihill,1
boston,1
1245,1
145,1
foiasavvy,1
nicarl,1
userfriendly,1
surface,1
thread,1
upvoting,1
categorization,1
roadmap,1
microsofts,1
bi,1
cloud,1
cousin,1
engaging,1
interactives,1
station,1
draganddrop,1
onto,1
canvas,1
customize,1
font,1
styleconsistent,1
screen,1
instudio,1
menudriven,1
connects,1
rough,1
export,1
bone,1
reactive,1
walking,1
highly,1
customized,1
choropleth,1
smallest,1
translating,1
bbc,1
deutsche,1
welle,1
al,1
jazeera,1
designer,1
carefully,1
hardtoget,1
deploying,1
sustainable,1
openelections,1
standardizing,1
primary,1
rebuilding,1
openelectionsnet,1
walked,1
optical,1
ocr,1
particularly,1
pdfplumber,1
tabula,1
cometdocs,1
named,1
author,1
retired,1
unc,1
given,1
annually,1
500,1
300,1
200,1
fellow,1
appetizer,1
630,1
pgadmin,1
psql,1
superhandy,1
extension,1
believable,1
usage,1
arena,1
cheaply,1
fidelity,1
hoax,1
attractive,1
nonstate,1
actor,1
seeking,1
discourse,1
tasked,1
evaluating,1
quality,1
confronting,1
emerge,1
exist,1
detect,1
synthetic,1
accompanying,1
flexible,1
joined,1
visualized,1
heroku,1
facet,1
numeric,1
plugins,1
pycar,1
daylong,1
typical,1
inserting,1
assume,1
hopefully,1
do,1
lecture,1
absolute,1
imagine,1
rolling,1
nutshell,1
extract,1
specifically,1
perform,1
geopandas,1
lovely,1
simplify,1
manage,1
projection,1
publicationready,1
safe,1
altair,1
promising,1
interacting,1
necessarily,1
scratch,1
flow,1
ifelse,1
note,1
offtheshelf,1
unsupervised,1
processing,1
outlier,1
detection,1
includes,1
democrat,1
committee,1
builtin,1
testing,1
sleep,1
night,1
mapped,1
publicly,1
familiarising,1
composer,1
dissolving,1
polygon,1
street,1
sqllike,1
charting,1
pipeline,1
operation,1
usable,1
significance,1
crosstabulations,1
per,1
correlated,1
clustered,1
gee,1
modeling,1
regular,1
mustknow,1
patternmatching,1
puzzle,1
batch,1
searchreplace,1
action,1
zip,1
conquer,1
fear,1
sail,1
alerting,1
horizon,1
caching,1
surveillance,1
breach,1
hazard,1
inherent,1
mandate,1
ethic,1
dilemma,1
technologist,1
dataladen,1
illuminate,1
organizing,1
element,1
starchy,1
datadump,1
wellcrafted,1
layoff,1
climatechange,1
shooting,1
angry,1
vitriolic,1
psychic,1
toll,1
mounting,1
thrive,1
atmosphere,1
burnout,1
secondary,1
train,1
professional,1
constant,1
growing,1
resilience,1
cultivating,1
empathy,1
selfadvocacy,1
succeed,1
rest,1
trusted,1
reduce,1
risk,1
encourage,1
rmarkdown,1
weave,1
collaborator,1
self,1
hosting,1
repos,1
improving,1
wasting,1
accurately,1
fairly,1
firearm,1
violence,1
regulatory,1
stream,1
conclusion,1
geodata,1
season,1
worksheet,1
funky,1
addins,1
viewing,1
chunk,1
appear,1
boating,1
license,1
inevitably,1
obnoxious,1
variation,1
nyc,1
spelling,1
misspelling,1
strange,1
category,1
statistician,1
transformation,1
outcome,1
compute,1
roundtable,1
brought,1
aside,1
gaining,1
backlash,1
unfavorable,1
thousand,1
victim,1
stolen,1
identity,1
defraud,1
enterprising,1
barred,1
violation,1
phil,1
adapted,1
theme,1
sentiment,1
union,1
responded,1
twitter,1
realdonaldtrump,1
tidytext,1
spotting,1
bot,1
plotting,1
speech,1
quantitative,1
leverage,1
london,1
he,1
involving,1
organized,1
scour,1
sleuthing,1
taking,1
15,1
trillion,1
focusing,1
affected,1
lumen,1
closer,1
congressional,1
disclosure,1
administration,1
agent,1
fara,1
board,1
director,1
hand,1
mike,1
reilley,1
roundup,1
breakout,1
promise,1
discovery,1
toolbelt,1
rapid,1
shifting,1
risky,1
predict,1
intrepid,1
forecasting,1
concern,1
alike,1
starting,1
scramble,1
react,1
afterward,1
shoulder,1
shrugged,1
say,1
jake,1
situation,1
calm,1
considered,1
chancelets,1
couldwill,1
gspanjs,1
transcribing,1
annotating,1
cspan,1
caption,1
vizier,1
plugin,1
adobe,1
illustrator,1
socrata2sql,1
slurping,1
socrata,1
portal,1
realizing,1
contacting,1
plain,1
old,1
telephone,1
worldwide,1
begun,1
towards,1
consumerfacing,1
signal,1
whatsapp,1
telegram,1
boast,1
increased,1
confidentiality,1
maintaining,1
confidential,1
logistical,1
orgs,1
grapple,1
vulnerability,1
maximizing,1
craft,1
proactive,1
response,1
operational,1
equated,1
becoming,1
strength,1
involve,1
fare,1
littleknown,1
pressure,1
scenario,1
leaving,1
fill,1
demand,1
struggling,1
whatever,1
achieve,1
seemed,1
harder,1
shouldve,1
restructure,1
logical,1
reshaping,1
lookup,1
perhaps,1
nifty,1
mastered,1
20page,1
introductorylevel,1
percentage,1
racial,1
socioeconomic,1
frame,1
proper,1
datawrapper,1
creation,1
datawrapperde,1
howto,1
crafting,1
bestworded,1
celebration,1
25th,1
reconnect,1
longtime,1
meet,1
ticket,1
beer,1
wine,1
soda,1
bottled,1
water,1
snack,1
served,1
talking,1
ruby,1
j,1
nojudgment,1
startingatstepzero,1
veteran,1
tech,1
theyre,1
brings,1
loved,1
collaborating,1
cloudbacked,1
office365,1
stock,1
geography,1
excelexcel,1
title,1
accelerating,1
convince,1
estimate,1
choosing,1
hardtovisualize,1
bumping,1
youd,1
querying,1
call,1
andor,1
visuals,1
describes,1
woman,1
negotiating,1
balancing,1
climbing,1
ladder,1
sexist,1
pushing,1
workspace,1
embeddable,1
intermediateadvanced,1
written,1
euphoria,1
worn,1
bug,1
cropping,1
forward,1
itchy,1
readable,1
limitedattendees,1
conditionals,1
celebrated,1
uncommon,1
talent,1
digitalfirst,1
startup,1
coast,1
continually,1
isnt,1
happening,1
scarce,1
framed,1
cannot,1
outside,1
pick,1
absorbing,1
gained,1
wave,1
traditional,2
nerd,2
fastpaced,2
25,2
jones,2
foi,2
roll,2
theyll,2
pioneer,2
partner,2
donald,2
barlett,2
violent,2
philadelphia,2
six,2
honor,2
produced,2
reveal,2
moderated,2
previously,2
gui,2
round,2
toolkit,2
faceting,2
grel,2
expression,2
comparison,2
check,2
scheduled,2
manipulating,2
summing,2
fighting,2
involves,2
battle,2
law,2
act,2
prepare,2
publication,2
seen,2
regional,2
cancer,2
gentle,2
demographic,2
browserbased,2
chance,2
individual,2
remain,2
archiving,2
timeline,2
left,2
mix,2
academic,2
trump,2
weird,2
health,2
related,2
though,2
requesting,2
giving,2
thought,2
fit,2
red,2
flag,2
watch,2
america,2
simply,2
closed,2
transforming,2
drive,2
subject,2
sensitive,2
ongoing,2
small,2
person,2
court,2
illustration,2
cell,2
crucial,2
fancy,2
producing,2
provides,2
literacy,2
serve,2
reference,2
house,2
accessible,2
documentation,2
bulletproof,2
structuring,2
entering,2
frustrated,2
west,2
bias,2
playing,2
lawsuit,2
especially,2
winner,2
lose,2
opportunity,2
commission,2
division,2
spending,2
difference,2
impactful,2
forget,2
intimidated,2
exploration,2
safety,2
possibility,2
linked,2
pathway,2
blue,2
migration,2
refugee,2
family,2
outlet,2
reason,2
900,2
billion,2
return,2
official,2
staff,2
diverse,2
clear,2
satellite,2
engine,2
finetune,2
game,2
cash,2
created,2
awesome,2
realm,2
studying,2
hacker,2
gap,2
framework,2
lightning,2
five,2
flourish,2
studio,2
saturday,2
miniboot,2
trainer,2
navigating,2
detailed,2
wanting,2
215,2
545,2
10,2
reveals,2
inequity,2
scorecard,2
debt,2
footprint,2
implementing,2
land,2
hiring,2
honest,2
input,2
begin,2
eye,2
percent,2
whip,2
business,2
still,2
curious,2
aggregate,2
box,2
elegant,2
organize,2
converted,2
gave,2
formatted,2
dplyr,2
snippet,2
heck,2
play,2
list,2
matter,2
although,2
undercovered,2
seem,2
similar,2
interest,2
capability,2
accusation,2
debate,2
truth,2
town,2
scout,2
historical,2
gain,2
providing,2
crashcourse,2
deeper,2
stage,2
wide,2
prototype,2
d3js,2
twice,2
stuff,2
tutorial,2
politics,2
execute,2
2,2
3,2
demonstrate,2
television,2
freelancer,2
variety,2
area,2
current,2
prep,2
couple,2
messy,2
aim,2
static,2
choice,2
robust,2
term,2
goal,2
install,2
methodology,2
fact,2
cypher,2
hidden,2
expose,2
found,2
bad,2
true,2
danger,2
private,2
boost,2
throughout,2
algorithmic,2
standardized,2
collecting,2
property,2
fraud,2
complexity,2
artificial,2
hottest,2
afraid,2
recognition,2
inequality,2
wondered,2
exactly,2
obstacle,2
illustrate,2
version,2
complicated,2
crowdpowered,2
collaborative,2
propublicas,2
fewer,2
arent,2
spent,2
2010,2
activity,2
numerous,2
following,2
recently,2
searchable,2
cycle,2
department,2
congress,2
here,2
integrate,2
daily,2
roadblock,2
spend,2
monitoring,2
wealth,2
monitor,2
phone,2
listening,2
limit,2
production,2
overwhelm,2
role,2
developing,2
surprise,2
noteworthy,2
collect,2
intelligent,2
transition,2
interaction,2
presenting,2
belief,2
theory,2
helping,2
prediction,2
na,2
taught,2
former,2
computerassisted,2
continues,2
showcase,2
directory,2
stuck,2
embeds,2
audio,2
voter,2
discussed,2
corruption,2
grasp,2
converting,2
grab,2
lunch,2
brown,2
bag,2
dessert,2
struggle,2
juggling,2
ensuring,2
5,2
6,2
enemy,2
generation,2
whose,2
ad,2
displaying,2
intimidating,2
decide,2
geospatial,2
script,2
shapefiles,2
exploratory,2
zero,2
thinking,2
designing,2
made,2
known,2
core,2
leader,2
hurt,2
venture,2
feeling,2
editing,2
error,2
speak,2
dealing,2
coverage,2
pulling,2
store,2
automate,2
lawyer,2
require,2
almost,2
app,2
readily,2
mapbox,2
multilingual,2
sourcing,2
general,2
freely,2
introduced,2
tackling,2
tricky,2
unfamiliar,2
pdftotext,2
embedded,2
newport,2
beach,2
mass,2
reception,2
postgis,2
fulltext,2
seems,2
likely,2
manipulate,2
behavior,2
spread,2
retains,2
selection,2
json,2
geared,2
certain,2
dice,2
grouping,2
jump,2
matplotlib,2
exporting,2
confidence,2
observation,2
measure,2
logistic,2
regex,2
survive,2
trauma,2
sharing,2
ground,2
reliable,2
actually,2
total,2
ny,2
running,2
offtherecord,2
foreign,2
member,2
brainstorm,2
live,2
major,2
instead,2
ai2html,2
tiplines,2
improvement,2
legal,2
growth,2
tipsheet,2
intended,2
trapped,2
harvest,2
fetch,2
innovation,2
ride,3
guest,3
center,3
sarah,3
asu,3
independent,3
james,3
b,3
template,3
wisdom,3
nation,3
philip,3
pulitzer,3
chair,3
essential,3
review,3
split,3
structured,3
select,3
counting,3
identifying,3
initial,3
responsive,3
duration,3
death,3
traffic,3
location,3
happen,3
support,3
receive,3
continue,3
journey,3
dig,3
telling,3
cool,3
today,3
switch,3
ensure,3
archive,3
viz,3
convention,3
facebook,3
step,3
month,3
discover,3
filing,3
scene,3
dozen,3
efficient,3
hard,3
producer,3
developed,3
ethical,3
video,3
improve,3
technology,3
everyone,3
avoid,3
mistake,3
ecosystem,3
conditional,3
lesson,3
athletics,3
landscape,3
compare,3
knowing,3
handy,3
global,3
international,3
relevant,3
immigration,3
etc,3
2020,3
adequately,3
misinformation,3
combine,3
image,3
someone,3
teaching,3
fast,3
investigate,3
server,3
past,3
component,3
become,3
background,3
assignment,3
secure,3
entrylevel,3
sample,3
aggregating,3
base,3
reserve,3
seat,3
complete,3
con,3
doxxing,3
recommended,3
trying,3
secret,3
sum,3
average,3
form,3
minute,3
shape,3
there,3
unlock,3
happens,3
full,3
rstudio,3
lonely,3
present,3
weve,3
fuzzy,3
increasingly,3
figure,3
company,3
collected,3
prepared,3
domain,3
chrome,3
firefox,3
examine,3
installed,3
ben,3
welsh,3
development,3
cs,3
application,3
attitude,3
stride,3
qualified,3
nothing,3
beginnerintermediate,3
jupyter,3
emerging,3
shine,3
short,3
needed,3
print,3
high,3
expectation,3
realworld,3
desktop,3
frontend,3
developer,3
worry,3
pull,3
prior,3
either,3
difficult,3
neo4j,3
attended,3
conventional,3
2018,3
decision,3
accountability,3
investigating,3
influence,3
extracting,3
loading,3
housing,3
market,3
tax,3
expert,3
interface,3
apis,3
intelligence,3
journalistic,3
transaction,3
move,3
bit,3
merging,3
successful,3
single,3
since,3
donor,3
light,3
came,3
path,3
regularly,3
generate,3
love,3
leap,3
addition,3
installing,3
heft,3
raw,3
jargon,3
search,3
nonprofit,3
loop,3
gi,3
variable,3
drink,3
friend,3
otherwise,3
sponsored,3
foundation,3
focus,3
bulletproofing,3
character,3
everything,3
management,3
existing,3
ability,3
analyzed,3
emotional,3
understanding,3
second,3
charger,3
series,3
finish,3
encountered,3
precision,3
immediately,3
postgresql,3
slice,3
load,3
summary,3
gun,3
db,3
took,3
spss,3
mobile,3
various,3
workbench,3
view,4
programmer,4
colleague,4
moment,4
cohen,4
walter,4
cronkite,4
unique,4
produce,4
country,4
meyer,4
crime,4
prize,4
national,4
stop,4
deep,4
syntax,4
string,4
feel,4
date,4
always,4
birth,4
rate,4
million,4
context,4
spatial,4
paper,4
putting,4
planning,4
pay,4
ask,4
behind,4
police,4
agency,4
rape,4
impact,4
collection,4
published,4
animation,4
publishing,4
advice,4
panelist,4
sport,4
easier,4
us,4
released,4
connection,4
industry,4
away,4
kind,4
privacy,4
mean,4
count,4
nearly,4
tactic,4
leadership,4
three,4
merge,4
csv,4
future,4
continuation,4
digging,4
preregistered,4
material,4
1230,4
registration,4
education,4
parse,4
security,4
threat,4
hate,4
navigate,4
conduct,4
calculation,4
yes,4
sometimes,4
taken,4
format,4
tidyverse,4
plot,4
ggplot2,4
save,4
recent,4
matching,4
coming,4
dns,4
uncover,4
turning,4
beginning,4
reallife,4
threehour,4
standard,4
previous,4
backend,4
principle,4
handle,4
technical,4
geocode,4
spot,4
really,4
deal,4
control,4
dark,4
microsoft,4
pretty,4
reading,4
exploring,4
transform,4
allows,4
fix,4
summarize,4
personal,4
plan,4
option,4
formatting,4
scraping,4
toward,4
test,4
linear,4
statistic,4
survey,4
put,4
communication,5
steele,5
collaboration,5
worked,5
piece,5
conversation,5
boot,5
natural,5
disaster,5
let,5
foia,5
experienced,5
front,5
add,5
apps,5
pro,5
visual,5
read,5
wont,5
reproducible,5
site,5
rule,5
top,5
bar,5
apply,5
tackle,5
pitfall,5
offer,5
fake,5
algorithm,5
aspect,5
practical,5
statement,5
2019,5
doesnt,5
involved,5
effort,5
world,5
connect,5
built,5
color,5
third,5
never,5
order,5
sense,5
solution,5
email,5
latest,5
reusable,5
sign,5
crash,5
day,5
overview,5
advance,5
hour,5
may,5
maybe,5
coder,5
name,5
real,5
within,5
city,5
dnsdb,5
fundamental,5
designed,5
deadline,5
observable,5
several,5
task,5
modern,5
place,5
github,5
relational,5
importing,5
whats,5
problem,5
thats,5
storytelling,5
finance,5
relationship,5
stats,5
narrative,5
interviewing,5
thursday,5
7,5
plus,5
develop,5
mysql,5
beyond,5
user,5
recognize,5
datasette,5
regression,5
pspp,5
service,6
speaker,6
style,6
request,6
knight,6
washington,6
post,6
demo,6
issue,6
follow,6
arcgis,6
long,6
popular,6
update,6
right,6
keep,6
called,6
propublica,6
key,6
got,6
home,6
breaking,6
going,6
back,6
career,6
gather,6
medical,6
beat,6
political,6
culture,6
another,6
creative,6
fun,6
ever,6
easy,6
guide,6
others,6
custom,6
friday,6
8,6
9,6
cleaning,6
interview,6
column,6
row,6
lot,6
mapping,6
system,6
ideal,6
complex,6
publish,6
html,6
presentation,6
browser,6
1,6
answer,6
detail,6
human,6
possible,6
structure,6
sort,6
geographic,6
visualizing,6
expected,7
favorite,7
government,7
participate,7
import,7
openrefine,7
dive,7
advanced,7
quickly,7
device,7
end,7
thing,7
sure,7
interesting,7
digital,7
job,7
report,7
filter,7
little,7
lead,7
big,7
making,7
done,7
important,7
compelling,7
turn,7
science,7
college,7
financial,7
trend,7
campaign,7
building,7
large,7
every,7
sorting,7
filtering,7
great,7
creating,7
network,7
think,7
already,7
qgis,7
pattern,7
graphic,7
panda,7
scrape,7
api,7
workflow,7
interested,7
election,7
learned,7
managing,7
visualize,8
car,8
hear,8
special,8
school,8
university,8
york,8
much,8
formula,8
camp,8
see,8
sqlite,8
helpful,8
platform,8
content,8
run,8
field,8
able,8
page,8
reader,8
organization,8
attend,8
audience,8
design,8
money,8
opensource,8
sheet,8
around,9
give,9
case,9
award,9
dataset,9
dirty,9
research,9
break,9
enough,9
method,9
part,9
understand,9
across,9
potential,9
community,9
welcome,9
machine,9
notebook,9
approach,9
ai,9
group,10
change,10
open,10
feature,10
program,10
multiple,10
trick,10
strategy,10
federal,10
participant,10
different,10
account,10
analyzing,10
along,10
access,10
leave,10
social,10
concept,10
first,10
necessary,10
result,10
census,10
covering,10
better,10
point,10
useful,10
coding,10
identify,10
track,10
pivot,10
pdf,10
graph,10
often,11
state,11
dont,11
u,11
internet,11
looking,11
getting,11
could,11
datadriven,11
type,11
whether,11
tell,11
next,11
without,11
address,11
d3,11
number,11
ready,12
computer,12
teach,12
available,12
explain,12
course,12
local,12
finding,12
practice,12
must,12
statistical,12
discussion,12
march,12
pm,12
youve,12
might,12
two,13
together,13
text,13
introduction,13
conference,13
many,13
started,13
would,13
student,13
even,13
walk,13
introduce,13
package,13
topic,13
include,14
process,14
medium,14
life,14
manager,14
provide,14
power,14
table,14
intermediate,14
familiarity,14
year,15
query,15
document,15
go,15
interactive,15
website,15
challenge,15
technique,15
resource,15
including,15
knowledge,15
write,15
idea,16
panel,16
line,16
explore,16
clean,16
tableau,16
look,16
library,16
attendee,16
nicar,16
command,16
common,17
writing,17
simple,17
file,17
start,17
google,17
investigation,17
training,17
youll,17
ire,18
software,18
provided,18
prerequisite,18
question,19
information,19
chart,19
datasets,19
anyone,19
javascript,19
learning,19
editor,20
public,20
record,20
example,20
function,20
join,20
familiar,20
programming,20
discus,21
know,21
set,21
build,21
investigative,22
analyze,22
free,22
youre,22
powerful,22
online,22
best,22
share,22
preregistration,22
seating,22
limited,22
web,23
team,24
comfortable,24
beginner,24
map,24
news,24
create,25
project,26
reporter,27
sql,27
visualization,27
code,27
bring,28
language,28
want,28
handson,28
source,28
take,28
find,29
working,29
used,31
one,31
talk,31
like,31
python,31
cover,32
level,32
tip,32
spreadsheet,32
experience,34
reporting,35
new,35
excel,35
laptop,35
analysis,35
come,35
r,35
show,36
need,36
workshop,39
required,39
work,40
journalism,41
time,41
skill,41
make,41
help,43
newsroom,44
also,44
way,45
get,46
journalist,54
class,56
people,57
database,59
basic,60
using,66
use,67
tool,70
learn,73
well,86
good,91
story,103
session,182
data,337
